<?xml version="1.0" encoding="utf-8" ?><dwsync><file name="_bootstrap.js" server="pneedlewebsitedesign.com/public_html/" local="3425383620" remote="20605252804" /><file name="ckeditor.js" server="pneedlewebsitedesign.com/public_html/" local="3425383620" remote="20605252804" /><file name="ckeditor_base.js" server="pneedlewebsitedesign.com/public_html/" local="3425383620" remote="20605252804" /><file name="ckeditor_basic.js" server="pneedlewebsitedesign.com/public_html/" local="3425383620" remote="20605252804" /><file name="command.js" server="pneedlewebsitedesign.com/public_html/" local="3425383620" remote="20605252804" /><file name="commanddefinition.js" server="pneedlewebsitedesign.com/public_html/" local="3425383620" remote="20605252804" /><file name="config.js" server="pneedlewebsitedesign.com/public_html/" local="3425383620" remote="20605252804" /><file name="dataprocessor.js" server="pneedlewebsitedesign.com/public_html/" local="3425383620" remote="20605252804" /><file name="dom.js" server="pneedlewebsitedesign.com/public_html/" local="3425383620" remote="20605252804" /><file name="dtd.js" server="pneedlewebsitedesign.com/public_html/" local="3425383620" remote="20605252804" /><file name="editor.js" server="pneedlewebsitedesign.com/public_html/" local="3425383620" remote="20605252804" /><file name="editor_basic.js" server="pneedlewebsitedesign.com/public_html/" local="3425383620" remote="20605252804" /><file name="env.js" server="pneedlewebsitedesign.com/public_html/" local="3425383620" remote="20605252804" /><file name="event.js" server="pneedlewebsitedesign.com/public_html/" local="3425383620" remote="20605252804" /><file name="eventInfo.js" server="pneedlewebsitedesign.com/public_html/" local="3425383620" remote="20605252804" /><file name="focusmanager.js" server="pneedlewebsitedesign.com/public_html/" local="3425383620" remote="20605252804" /><file name="htmlparser.js" server="pneedlewebsitedesign.com/public_html/" local="3425383620" remote="20605252804" /><file name="lang.js" server="pneedlewebsitedesign.com/public_html/" local="3425383620" remote="20605252804" /><file name="loader.js" server="pneedlewebsitedesign.com/public_html/" local="3425383620" remote="20605252804" /><file name="plugindefinition.js" server="pneedlewebsitedesign.com/public_html/" local="3425383620" remote="20605252804" /><file name="plugins.js" server="pneedlewebsitedesign.com/public_html/" local="3425383620" remote="20605252804" /><file name="resourcemanager.js" server="pneedlewebsitedesign.com/public_html/" local="3425383620" remote="20605252804" /><file name="scriptloader.js" server="pneedlewebsitedesign.com/public_html/" local="3425383620" remote="20605252804" /><file name="skins.js" server="pneedlewebsitedesign.com/public_html/" local="3425383620" remote="20605252804" /><file name="themes.js" server="pneedlewebsitedesign.com/public_html/" local="3425383620" remote="20605252804" /><file name="tools.js" server="pneedlewebsitedesign.com/public_html/" local="3425383620" remote="20605252804" /><file name="ui.js" server="pneedlewebsitedesign.com/public_html/" local="3425383620" remote="20605252804" /></dwsync>