<?xml version="1.0" encoding="utf-8" ?><dwsync><file name="comment.js" server="pneedlewebsitedesign.com/public_html/" local="3425383620" remote="20605252804" /><file name="document.js" server="pneedlewebsitedesign.com/public_html/" local="3425383620" remote="20605252804" /><file name="documentfragment.js" server="pneedlewebsitedesign.com/public_html/" local="3425383620" remote="20605252804" /><file name="domobject.js" server="pneedlewebsitedesign.com/public_html/" local="3425383620" remote="20605252804" /><file name="element.js" server="pneedlewebsitedesign.com/public_html/" local="3425383620" remote="20605252804" /><file name="elementpath.js" server="pneedlewebsitedesign.com/public_html/" local="3425383620" remote="20605252804" /><file name="event.js" server="pneedlewebsitedesign.com/public_html/" local="3425383620" remote="20605252804" /><file name="node.js" server="pneedlewebsitedesign.com/public_html/" local="3425383620" remote="20605252804" /><file name="nodelist.js" server="pneedlewebsitedesign.com/public_html/" local="3425383620" remote="20605252804" /><file name="range.js" server="pneedlewebsitedesign.com/public_html/" local="3425383620" remote="20605252804" /><file name="rangelist.js" server="pneedlewebsitedesign.com/public_html/" local="3425383620" remote="20605252804" /><file name="text.js" server="pneedlewebsitedesign.com/public_html/" local="3425383620" remote="20605252804" /><file name="walker.js" server="pneedlewebsitedesign.com/public_html/" local="3425383620" remote="20605252804" /><file name="window.js" server="pneedlewebsitedesign.com/public_html/" local="3425383620" remote="20605252804" /></dwsync>