<?xml version="1.0" encoding="utf-8" ?><dwsync><file name=".htaccess" server="pneedlewebsitedesign.com/public_html/" local="3425383620" remote="20605252804" /><file name="CHANGES.html" server="pneedlewebsitedesign.com/public_html/" local="3425383620" remote="20605252804" /><file name="INSTALL.html" server="pneedlewebsitedesign.com/public_html/" local="3425383620" remote="20605252804" /><file name="LICENSE.html" server="pneedlewebsitedesign.com/public_html/" local="3425383620" remote="20605252804" /><file name="ckeditor.asp" server="pneedlewebsitedesign.com/public_html/" local="3425383620" remote="20605252804" /><file name="ckeditor.js" server="pneedlewebsitedesign.com/public_html/" local="3425383620" remote="20605252804" /><file name="ckeditor.pack" server="pneedlewebsitedesign.com/public_html/" local="3425383620" remote="20605252804" /><file name="ckeditor.php" server="pneedlewebsitedesign.com/public_html/" local="3425383620" remote="20605252804" /><file name="ckeditor_basic.js" server="pneedlewebsitedesign.com/public_html/" local="3425383620" remote="20605252804" /><file name="ckeditor_basic_source.js" server="pneedlewebsitedesign.com/public_html/" local="3425383620" remote="20605252804" /><file name="ckeditor_php4.php" server="pneedlewebsitedesign.com/public_html/" local="3425383620" remote="20605252804" /><file name="ckeditor_php5.php" server="pneedlewebsitedesign.com/public_html/" local="3425383620" remote="20605252804" /><file name="ckeditor_source.js" server="pneedlewebsitedesign.com/public_html/" local="3425383620" remote="20605252804" /><file name="config.js" server="pneedlewebsitedesign.com/public_html/" local="3425383620" remote="20605252804" /><file name="contents.css" server="pneedlewebsitedesign.com/public_html/" local="3425383620" remote="20605252804" /></dwsync>