<?xml version="1.0" encoding="utf-8" ?><dwsync><file name=".DS_Store" server="ftp.collegeplacementservices.org" local="3427302945" remote="12018297632" /><file name="CHANGES.html" server="ftp.collegeplacementservices.org" local="3425390845" remote="12018298352" /><file name="ckeditor.asp" server="ftp.collegeplacementservices.org" local="3425390845" remote="12018298352" /><file name="ckeditor.js" server="ftp.collegeplacementservices.org" local="3425390845" remote="12018298352" /><file name="ckeditor.pack" server="ftp.collegeplacementservices.org" local="3425390845" remote="12018298352" /><file name="ckeditor.php" server="ftp.collegeplacementservices.org" local="3425390845" remote="12018298352" /><file name="ckeditor_3.6.4.tar" server="ftp.collegeplacementservices.org" local="3427302873" remote="12018298352" /><file name="ckeditor_basic.js" server="ftp.collegeplacementservices.org" local="3425390845" remote="12018298352" /><file name="ckeditor_basic_source.js" server="ftp.collegeplacementservices.org" local="3425390845" remote="12018298352" /><file name="ckeditor_php4.php" server="ftp.collegeplacementservices.org" local="3425390845" remote="12018298352" /><file name="ckeditor_php5.php" server="ftp.collegeplacementservices.org" local="3425390845" remote="12018298352" /><file name="ckeditor_source.js" server="ftp.collegeplacementservices.org" local="3425390845" remote="12018298352" /><file name="config.js" server="ftp.collegeplacementservices.org" local="3425390845" remote="12018298352" /><file name="contents.css" server="ftp.collegeplacementservices.org" local="3425390845" remote="12018298352" /><file name="COPY_HERE.txt" server="ftp.collegeplacementservices.org" local="3439478220" remote="16324380108" /><file name="INSTALL.html" server="ftp.collegeplacementservices.org" local="3425390845" remote="12018298352" /><file name="LICENSE.html" server="ftp.collegeplacementservices.org" local="3425390845" remote="12018298412" /><file name="ckeditor.zip" server="ftp.collegeplacementservices.org" local="3440148840" remote="16325050728" /></dwsync>