<?xml version="1.0" encoding="utf-8" ?><dwsync><file name="comment.js" server="ftp.collegeplacementservices.org" local="3425390845" remote="12018297692" /><file name="document.js" server="ftp.collegeplacementservices.org" local="3425390845" remote="12018297692" /><file name="documentfragment.js" server="ftp.collegeplacementservices.org" local="3425390845" remote="12018297692" /><file name="domobject.js" server="ftp.collegeplacementservices.org" local="3425390845" remote="12018297692" /><file name="element.js" server="ftp.collegeplacementservices.org" local="3425390845" remote="12018297692" /><file name="elementpath.js" server="ftp.collegeplacementservices.org" local="3425390845" remote="12018297692" /><file name="event.js" server="ftp.collegeplacementservices.org" local="3425390845" remote="12018297692" /><file name="node.js" server="ftp.collegeplacementservices.org" local="3425390845" remote="12018297692" /><file name="nodelist.js" server="ftp.collegeplacementservices.org" local="3425390845" remote="12018297692" /><file name="range.js" server="ftp.collegeplacementservices.org" local="3425390845" remote="12018297692" /><file name="rangelist.js" server="ftp.collegeplacementservices.org" local="3425390845" remote="12018297692" /><file name="text.js" server="ftp.collegeplacementservices.org" local="3425390845" remote="12018297692" /><file name="walker.js" server="ftp.collegeplacementservices.org" local="3425390845" remote="12018297692" /><file name="window.js" server="ftp.collegeplacementservices.org" local="3425390845" remote="12018297692" /></dwsync>