<?xml version="1.0" encoding="utf-8" ?><dwsync><file name="ajax.html" server="pneedlewebsitedesign.com/public_html/" local="3425383620" remote="20605252804" /><file name="api.html" server="pneedlewebsitedesign.com/public_html/" local="3425383620" remote="20605252804" /><file name="api_dialog.html" server="pneedlewebsitedesign.com/public_html/" local="3425383620" remote="20605252804" /><file name="autogrow.html" server="pneedlewebsitedesign.com/public_html/" local="3425383620" remote="20605252804" /><file name="bbcode.html" server="pneedlewebsitedesign.com/public_html/" local="3425383620" remote="20605252804" /><file name="devtools.html" server="pneedlewebsitedesign.com/public_html/" local="3425383620" remote="20605252804" /><file name="divreplace.html" server="pneedlewebsitedesign.com/public_html/" local="3425383620" remote="20605252804" /><file name="enterkey.html" server="pneedlewebsitedesign.com/public_html/" local="3425383620" remote="20605252804" /><file name="fullpage.html" server="pneedlewebsitedesign.com/public_html/" local="3425383620" remote="20605252804" /><file name="index.html" server="pneedlewebsitedesign.com/public_html/" local="3425383620" remote="20605252804" /><file name="jqueryadapter.html" server="pneedlewebsitedesign.com/public_html/" local="3425383620" remote="20605252804" /><file name="output_for_flash.html" server="pneedlewebsitedesign.com/public_html/" local="3425383620" remote="20605252804" /><file name="output_html.html" server="pneedlewebsitedesign.com/public_html/" local="3425383620" remote="20605252804" /><file name="output_xhtml.html" server="pneedlewebsitedesign.com/public_html/" local="3425383620" remote="20605252804" /><file name="placeholder.html" server="pneedlewebsitedesign.com/public_html/" local="3425383620" remote="20605252804" /><file name="readonly.html" server="pneedlewebsitedesign.com/public_html/" local="3425383620" remote="20605252804" /><file name="replacebyclass.html" server="pneedlewebsitedesign.com/public_html/" local="3425383620" remote="20605252804" /><file name="replacebycode.html" server="pneedlewebsitedesign.com/public_html/" local="3425383620" remote="20605252804" /><file name="sample.css" server="pneedlewebsitedesign.com/public_html/" local="3425383620" remote="20605252804" /><file name="sample.js" server="pneedlewebsitedesign.com/public_html/" local="3425383620" remote="20605252804" /><file name="sample_posteddata.php" server="pneedlewebsitedesign.com/public_html/" local="3425383620" remote="20605252804" /><file name="sharedspaces.html" server="pneedlewebsitedesign.com/public_html/" local="3425383620" remote="20605252804" /><file name="skins.html" server="pneedlewebsitedesign.com/public_html/" local="3425383620" remote="20605252804" /><file name="stylesheetparser.html" server="pneedlewebsitedesign.com/public_html/" local="3425383620" remote="20605252804" /><file name="tableresize.html" server="pneedlewebsitedesign.com/public_html/" local="3425383620" remote="20605252804" /><file name="ui_color.html" server="pneedlewebsitedesign.com/public_html/" local="3425383620" remote="20605252804" /><file name="ui_languages.html" server="pneedlewebsitedesign.com/public_html/" local="3425383620" remote="20605252804" /></dwsync>