<?xml version="1.0" encoding="utf-8" ?><dwsync><file name="_bootstrap.js" server="ftp.collegeplacementservices.org" local="3425390845" remote="12018297632" /><file name="ckeditor.js" server="ftp.collegeplacementservices.org" local="3425390845" remote="12018297632" /><file name="ckeditor_base.js" server="ftp.collegeplacementservices.org" local="3425390845" remote="12018297632" /><file name="ckeditor_basic.js" server="ftp.collegeplacementservices.org" local="3425390845" remote="12018297632" /><file name="command.js" server="ftp.collegeplacementservices.org" local="3425390845" remote="12018297632" /><file name="commanddefinition.js" server="ftp.collegeplacementservices.org" local="3425390845" remote="12018297632" /><file name="config.js" server="ftp.collegeplacementservices.org" local="3425390845" remote="12018297692" /><file name="dataprocessor.js" server="ftp.collegeplacementservices.org" local="3425390845" remote="12018297692" /><file name="dom.js" server="ftp.collegeplacementservices.org" local="3425390845" remote="12018297692" /><file name="dtd.js" server="ftp.collegeplacementservices.org" local="3425390845" remote="12018297692" /><file name="editor.js" server="ftp.collegeplacementservices.org" local="3425390845" remote="12018297692" /><file name="editor_basic.js" server="ftp.collegeplacementservices.org" local="3425390845" remote="12018297692" /><file name="env.js" server="ftp.collegeplacementservices.org" local="3425390845" remote="12018297692" /><file name="event.js" server="ftp.collegeplacementservices.org" local="3425390845" remote="12018297692" /><file name="eventInfo.js" server="ftp.collegeplacementservices.org" local="3425390845" remote="12018297692" /><file name="focusmanager.js" server="ftp.collegeplacementservices.org" local="3425390845" remote="12018297692" /><file name="htmlparser.js" server="ftp.collegeplacementservices.org" local="3425390845" remote="12018297692" /><file name="lang.js" server="ftp.collegeplacementservices.org" local="3425390845" remote="12018297692" /><file name="loader.js" server="ftp.collegeplacementservices.org" local="3425390845" remote="12018297692" /><file name="plugindefinition.js" server="ftp.collegeplacementservices.org" local="3425390845" remote="12018297692" /><file name="plugins.js" server="ftp.collegeplacementservices.org" local="3425390845" remote="12018297692" /><file name="resourcemanager.js" server="ftp.collegeplacementservices.org" local="3425390845" remote="12018297692" /><file name="scriptloader.js" server="ftp.collegeplacementservices.org" local="3425390845" remote="12018297692" /><file name="skins.js" server="ftp.collegeplacementservices.org" local="3425390845" remote="12018297692" /><file name="themes.js" server="ftp.collegeplacementservices.org" local="3425390845" remote="12018297692" /><file name="tools.js" server="ftp.collegeplacementservices.org" local="3425390845" remote="12018297692" /><file name="ui.js" server="ftp.collegeplacementservices.org" local="3425390845" remote="12018297692" /></dwsync>